,Unnamed: 0,Tweet Id,text,Tweet Date,followers,Account Verified,Favorite Count,clean_tweet,predictions
0,0,1549823247721586688,"RT @StockMKTNewz: Google said it will pause hiring for two weeks, after saying last week it would slow its pace of hiring for the rest of t‚Ä¶",2022-07-20 18:27:11+00:00,1802,False,0,"rt @stockmktnewz: google said it will pause hiring for two weeks, after saying last week it would slow its pace of hiring for the rest of t‚Ä¶",Negative
1,1,1549822312903483398,RT @amazonholder1: $goog continues to be noticeably weak,2022-07-20 18:23:28+00:00,759,False,0,rt @amazonholder1:  continues to be noticeably weak,Negative
2,2,1549822105687973888,"RT @blakestonks: $META $TSLA $MSFT $RIVN $ORCL $GOOG

Now all have said they're freezing hiring/layoffs.

We have had a bad CPI, PPI, banks‚Ä¶",2022-07-20 18:22:38+00:00,78,False,0,"rt @blakestonks:      

now all have said they're freezing hiring/layoffs.

we have had a bad cpi, ppi, banks‚Ä¶",Negative
3,3,1549822024616497154,wouldnt be surprised if they ramp it all the way back up again with that double bottom at the $ES_F opening range h‚Ä¶ https://t.co/xUDGJnWA5U,2022-07-20 18:22:19+00:00,5650,False,0,wouldnt be surprised if they ramp it all the way back up again with that double bottom at the  opening range h‚Ä¶ https://t.co/xudgjnwa5u,Negative
4,4,1549821974192349184,RT @SpecialSitsNews: GOOGLE $GOOG SAYS IT WILL PAUSE HIRING TEMPORARILY -THE INFORMATION,2022-07-20 18:22:07+00:00,4308,False,0,rt @specialsitsnews: google  says it will pause hiring temporarily -the information,Positive
5,5,1549821890780221440,"On @schwab's mobile app, of the top 5 recent stories about $TWTR one is about $TSLA earnings, 3 are about $GOOG lic‚Ä¶ https://t.co/iF3eIofmv9",2022-07-20 18:21:47+00:00,473,False,0,"on @schwab's mobile app, of the top 5 recent stories about  one is about  earnings, 3 are about  lic‚Ä¶ https://t.co/if3eiofmv9",Positive
6,6,1549821776699555841,"Trending: Internet Software

$TWTR 1.01 %
$SNAP 7.53 %
$GOOGL -0.07 %
$GOOG -0.03 %
$SE 2.28 %
$OLB 23.09 %
$SJ -9.‚Ä¶ https://t.co/Qz6FRFFchR",2022-07-20 18:21:20+00:00,267,False,0,"trending: internet software

 1.01 %
 7.53 %
 -0.07 %
 -0.03 %
 2.28 %
 23.09 %
 -9.‚Ä¶ https://t.co/qz6frffchr",Positive
7,7,1549821141631516678,$SBIG will go lunar soon üöÄüåï It has a 6.6M super low float. It went up 9 percent this morning on only 70k volume!‚Ä¶ https://t.co/RxnH58Gvrr,2022-07-20 18:18:49+00:00,2,False,0, will go lunar soon üöÄüåï it has a 6.6m super low float. it went up 9 percent this morning on only 70k volume!‚Ä¶ https://t.co/rxnh58gvrr,Negative
8,8,1549821002854563847,"Pretty comical, spoke this into existence ü§° $ES $GOOG üñï https://t.co/1gyHkHu40i",2022-07-20 18:18:16+00:00,1254,False,2,"pretty comical, spoke this into existence ü§°   üñï https://t.co/1gyhkhu40i",Positive
9,9,1549820850748018689,@inglouriouscap @1MainCapital @InnocenceCapit1 @viggy_krishnan @WallSt_Dropout Web3 is going to crush search.  It's‚Ä¶ https://t.co/72s1yJ1vyj,2022-07-20 18:17:39+00:00,25221,False,7,@inglouriouscap @1maincapital @innocencecapit1 @viggy_krishnan @wallst_dropout web3 is going to crush search.  it's‚Ä¶ https://t.co/72s1yj1vyj,Positive
10,10,1549820717604143113,"RT @MELSKITRADING: THREAD on how I find my plays , flow (powered by @unusual_whales ) , levels , charts , strikes  And how HOW IM ADJUSTING‚Ä¶",2022-07-20 18:17:08+00:00,12,False,0,"rt @melskitrading: thread on how i find my plays , flow (powered by @unusual_whales ) , levels , charts , strikes  and how how im adjusting‚Ä¶",Positive
11,11,1549820207845318660,GOOGLE $GOOG SAYS IT WILL PAUSE HIRING TEMPORARILY -THE INFORMATION,2022-07-20 18:15:06+00:00,42331,False,17,google  says it will pause hiring temporarily -the information,Negative
12,12,1549820111002927105,"@MarketRebels $NFLX needs better content, live news &amp; sports

Bearish 

Too many competitors have better content at‚Ä¶ https://t.co/VZns0DO0xB",2022-07-20 18:14:43+00:00,759,False,1,"@marketrebels  needs better content, live news &amp; sports

bearish 

too many competitors have better content at‚Ä¶ https://t.co/vzns0do0xb",Positive
13,13,1549819746555949056,RT @KINGPENNYSTOCKZ: $RGC lock and load! don't miss this opportunity! #LetsGo @RegencellBio #wallstreetbets #wallstreet #shortsqueeze #shor‚Ä¶,2022-07-20 18:13:16+00:00,1352,False,0,rt @kingpennystockz:  lock and load! don't miss this opportunity! #letsgo @regencellbio #wallstreetbets #wallstreet #shortsqueeze #shor‚Ä¶,Negative
14,14,1549819457085837317,$SBIG is the next lunar play üöÄüåï It has a 6.6M super low float. It went up 9 percent this morning on only 70k volume‚Ä¶ https://t.co/INj6jFYLnG,2022-07-20 18:12:07+00:00,2,False,0, is the next lunar play üöÄüåï it has a 6.6m super low float. it went up 9 percent this morning on only 70k volume‚Ä¶ https://t.co/inj6jfylng,Negative
15,15,1549819388580208640,$GOOG and $AAPL dumped SPY twice this week. There goes our economy,2022-07-20 18:11:51+00:00,7,False,0, and  dumped spy twice this week. there goes our economy,Negative
16,16,1549819196833406978,@GRDecter $SHOP because of huge YouTube partnership. Potential $GOOG buyout imho. https://t.co/jjFYUti2ts,2022-07-20 18:11:05+00:00,283,False,0,@grdecter  because of huge youtube partnership. potential  buyout imho. https://t.co/jjfyuti2ts,Positive
17,17,1549819031976304641,"Google is pausing hiring for two weeks. Market reacts as if it is a big surprise... 

$GOOG $GOOGL $SPY $SPX https://t.co/QYTMlCZbd1",2022-07-20 18:10:26+00:00,0,False,0,"google is pausing hiring for two weeks. market reacts as if it is a big surprise... 

    https://t.co/qytmlczbd1",Positive
18,18,1549818511488389122,"Google $GOOG, Twitter $TWTR Face Ban In Indonesia If They Fail To Signup For New Licensing Rules By Midnight https://t.co/xBdYBHXNcZ",2022-07-20 18:08:22+00:00,7083,False,0,"google , twitter  face ban in indonesia if they fail to signup for new licensing rules by midnight https://t.co/xbdybhxncz",Positive
19,19,1549818463853617154,"$GOOG $GOOGL Number of employees by quarter. In addition, Sundar said last week that Google added ~10,000 employees‚Ä¶ https://t.co/1878A5ZGyi",2022-07-20 18:08:10+00:00,11,False,0,"  number of employees by quarter. in addition, sundar said last week that google added ~10,000 employees‚Ä¶ https://t.co/1878a5zgyi",Positive
20,20,1549818056460877828,$SPY ü§ù $GOOG shoutout @faststocknewss https://t.co/t0QgsPmFkK,2022-07-20 18:06:33+00:00,17,False,1, ü§ù  shoutout @faststocknewss https://t.co/t0qgspmfkk,Positive
21,21,1549817904744603648,"Trending: Internet Software

$TWTR 0.81 %
$SNAP 0.00 %
$GOOGL -0.25 %
$GOOG -0.18 %
$SE 2.30 %
$OLB 23.08 %
$SJ -9.‚Ä¶ https://t.co/K85LNW5Ex2",2022-07-20 18:05:57+00:00,267,False,0,"trending: internet software

 0.81 %
 0.00 %
 -0.25 %
 -0.18 %
 2.30 %
 23.08 %
 -9.‚Ä¶ https://t.co/k85lnw5ex2",Negative
22,22,1549817402501877760,"$GOOGL $GOOG to 90! perfect bear flag setup! 
@AOTtrades https://t.co/DGfU39KP1U",2022-07-20 18:03:57+00:00,421,False,0,"  to 90! perfect bear flag setup! 
@aottrades https://t.co/dgfu39kp1u",Positive
23,23,1549817167595569157,"Most mentioned tickers in #WSB in last 1H

1. $SPY (79)
2. $TSLA (76)
3. $GOOG (24)
4. $TOP (18)
5. $AAPL (17)
6.‚Ä¶ https://t.co/uPiw52xYrz",2022-07-20 18:03:01+00:00,1781,False,0,"most mentioned tickers in #wsb in last 1h

1.  (79)
2.  (76)
3.  (24)
4.  (18)
5.  (17)
6.‚Ä¶ https://t.co/upiw52xyrz",Positive
24,24,1549817112419770368,$GOOG Top Analyst Ratings and Price Targets for this week:-... https://t.co/b3PM0aW0Xc,2022-07-20 18:02:48+00:00,10,False,0, top analyst ratings and price targets for this week:-... https://t.co/b3pm0aw0xc,Positive
25,25,1549816799079702528,#Options Flow Stream Update $AMZN $TSLA $BABA $AMD $GOOG $ARKK ¬†$SPX $SPY #OptionsTrading #OptionsFlow‚Ä¶ https://t.co/PysddErC9n,2022-07-20 18:01:33+00:00,5321,False,0,#options flow stream update       ¬†  #optionstrading #optionsflow‚Ä¶ https://t.co/pysdderc9n,Positive
26,26,1549816585644392450,$SBIG is the next moon play üöÄüåï It has a 6.6M super low float. It went up 9 percent this morning on only 70k volume!‚Ä¶ https://t.co/NuVlTMmO72,2022-07-20 18:00:42+00:00,2,False,0, is the next moon play üöÄüåï it has a 6.6m super low float. it went up 9 percent this morning on only 70k volume!‚Ä¶ https://t.co/nuvltmmo72,Negative
27,27,1549816473966841858,"r/WallStreetBets daily discussion mentions over the last hour (rank 1-10)
1. $TSLA (41 mentions)
2. $SPY (38)
3.‚Ä¶ https://t.co/JJ3HPAVHff",2022-07-20 18:00:16+00:00,608,False,0,"r/wallstreetbets daily discussion mentions over the last hour (rank 1-10)
1.  (41 mentions)
2.  (38)
3.‚Ä¶ https://t.co/jj3hpavhff",Positive
28,28,1549816368102612993,"Unusual Volume:

$GME: üü¢ 22-07-22 $180.0 C 
Last:$1.61 Vol: 3,598

$GOOG: üî¥ 22-07-22 $114.0 P 
Last:$1.0 Vol: 3,810‚Ä¶ https://t.co/pQ23NlrTL2",2022-07-20 17:59:51+00:00,641,False,0,"unusual volume:

: üü¢ 22-07-22 .0 c 
last:.61 vol: 3,598

: üî¥ 22-07-22 .0 p 
last:.0 vol: 3,810‚Ä¶ https://t.co/pq23nlrtl2",Positive
29,29,1549816362050125825,"% Movers

$COIN: Jul 22, 2022 $85.0 C üü¢
       Last: $0.44 (+450%) Vol: 2,607

$DIS: Jul 29, 2022 $111.0 C üü¢‚Ä¶ https://t.co/HNfQCFdmU1",2022-07-20 17:59:49+00:00,641,False,0,"% movers

: jul 22, 2022 .0 c üü¢
       last: .44 (+450%) vol: 2,607

: jul 29, 2022 .0 c üü¢‚Ä¶ https://t.co/hnfqcfdmu1",Negative
30,30,1549816333348622337,"RT @StockMKTNewz: Google said it will pause hiring for two weeks, after saying last week it would slow its pace of hiring for the rest of t‚Ä¶",2022-07-20 17:59:42+00:00,44,False,0,"rt @stockmktnewz: google said it will pause hiring for two weeks, after saying last week it would slow its pace of hiring for the rest of t‚Ä¶",Negative
31,31,1549815313713217543,"RT @StockMKTNewz: Google said it will pause hiring for two weeks, after saying last week it would slow its pace of hiring for the rest of t‚Ä¶",2022-07-20 17:55:39+00:00,56,False,0,"rt @stockmktnewz: google said it will pause hiring for two weeks, after saying last week it would slow its pace of hiring for the rest of t‚Ä¶",Negative
32,32,1549815039607062528,"RT @sonycomeback: $SONY $1,000
Sony‚Äôs ‚Äúarms-dealer approach‚Äù in the streaming wars.  Has Sony become the entertainment group it always want‚Ä¶",2022-07-20 17:54:34+00:00,613,False,0,"rt @sonycomeback:  ,000
sony‚Äôs ‚Äúarms-dealer approach‚Äù in the streaming wars.  has sony become the entertainment group it always want‚Ä¶",Positive
33,33,1549814558877011973,$GOOG  Awaiting for Buy signal  with https://t.co/XPt98Ai7Qt https://t.co/N5r4jYiH1O,2022-07-20 17:52:39+00:00,279,False,0,  awaiting for buy signal  with https://t.co/xpt98ai7qt https://t.co/n5r4jyih1o,Positive
34,34,1549814251853910017,"Trending: Internet Software

$SNAP 7.92 %
$GOOGL -0.12 %
$TWTR 0.90 %
$GOOG 0.02 %
$SE 2.79 %
$BCOV 1.14 %
$OLB 22.‚Ä¶ https://t.co/jJaqqXQtlR",2022-07-20 17:51:26+00:00,267,False,0,"trending: internet software

 7.92 %
 -0.12 %
 0.90 %
 0.02 %
 2.79 %
 1.14 %
 22.‚Ä¶ https://t.co/jjaqqxqtlr",Negative
35,35,1549812661407432704,"RT @TicTocTick: $Goog is a tremendous employer in Bay Area where they pay salaries in excess of 300-400k to fresh graduates 

Bay Area is w‚Ä¶",2022-07-20 17:45:07+00:00,550,False,0,"rt @tictoctick:  is a tremendous employer in bay area where they pay salaries in excess of 300-400k to fresh graduates 

bay area is w‚Ä¶",Positive
36,36,1549812474609795073,I played downside on SPY but happened too fast couldnt get a screenshot from Google Bad News. This was the last run‚Ä¶ https://t.co/im95bLxKOl,2022-07-20 17:44:22+00:00,7,False,0,i played downside on spy but happened too fast couldnt get a screenshot from google bad news. this was the last run‚Ä¶ https://t.co/im95blxkol,Negative
37,37,1549812314462896128,"RT @TicTocTick: $Goog is a tremendous employer in Bay Area where they pay salaries in excess of 300-400k to fresh graduates 

Bay Area is w‚Ä¶",2022-07-20 17:43:44+00:00,67,False,0,"rt @tictoctick:  is a tremendous employer in bay area where they pay salaries in excess of 300-400k to fresh graduates 

bay area is w‚Ä¶",Positive
38,38,1549812307236192265,"$GOOG Jul 20, 2022 12:42 PMGoogle (GOOGL) Says It Will Pause Hiring - The Information  

Jul 20, 2022 08:10 AMAlpha‚Ä¶ https://t.co/iLmX9wMssx",2022-07-20 17:43:42+00:00,1440,False,0," jul 20, 2022 12:42 pmgoogle (googl) says it will pause hiring - the information  

jul 20, 2022 08:10 amalpha‚Ä¶ https://t.co/ilmx9wmssx",Negative
39,39,1549812054260850691,How to block Google Calendar spam with a new feature that stops it https://t.co/9xCmin2ybm  $GOOG $GOOGL,2022-07-20 17:42:42+00:00,7083,False,0,how to block google calendar spam with a new feature that stops it https://t.co/9xcmin2ybm   ,Positive
40,40,1549811332446404610,and $GOOG too https://t.co/P9nUE4BFXp,2022-07-20 17:39:50+00:00,507,False,0,and  too https://t.co/p9nue4bfxp,Positive
41,41,1549810681851019264,"RT @TheFalconDive: The future is bright for $vuzi Just look at what $goog is focusing on #Metaverse 
Optical See-Thru is where major player‚Ä¶",2022-07-20 17:37:15+00:00,69,False,0,"rt @thefalcondive: the future is bright for  just look at what  is focusing on #metaverse 
optical see-thru is where major player‚Ä¶",Positive
42,42,1549810673663762432,"@_deepdiveStocks Amazing the timing of the $GOOG hiring freeze ""news"", definitely not a coincidence.",2022-07-20 17:37:13+00:00,58,False,1,"@_deepdivestocks amazing the timing of the  hiring freeze ""news"", definitely not a coincidence.",Positive
43,43,1549810402812432384,"Trending: Internet Software

$SNAP 7.56 %
$GOOGL -0.13 %
$TWTR 0.59 %
$GOOG -0.10 %
$SE 2.52 %
$BCOV 1.14 %
$OLB 17‚Ä¶ https://t.co/GUkdOqXuIK",2022-07-20 17:36:08+00:00,267,False,0,"trending: internet software

 7.56 %
 -0.13 %
 0.59 %
 -0.10 %
 2.52 %
 1.14 %
 17‚Ä¶ https://t.co/gukdoqxuik",Negative
44,44,1549810369375473666,"$GOOG $83.00 Mar 17 2023 PUT ‚¨áÔ∏èüåä
Underlying: $114.89
% Difference: 38.42%
Daily $ Volume: $121,362
Volume: 511
OI:‚Ä¶ https://t.co/lFUmXSIQPR",2022-07-20 17:36:00+00:00,9048,False,0," .00 mar 17 2023 put ‚¨áÔ∏èüåä
underlying: .89
% difference: 38.42%
daily  volume: ,362
volume: 511
oi:‚Ä¶ https://t.co/lfumxsiqpr",Positive
45,45,1549810288328814592,$GOOG    Best room on the net. Stay turned. https://t.co/F7HBrEgHbZ,2022-07-20 17:35:41+00:00,1,False,0,    best room on the net. stay turned. https://t.co/f7hbreghbz,Positive
46,46,1549810115473158145,"$EA $SEDG $MA $V $KO $PYPL $RCL $GOOG $NKLA $DKNG $HD $ROKU $NFLX $FB  $GLD $VXX $MSFT $UNH 

Thanks to the discord‚Ä¶ https://t.co/F6A58NygpK",2022-07-20 17:35:00+00:00,791,False,0,"                   

thanks to the discord‚Ä¶ https://t.co/f6a58nygpk",Positive
47,47,1549810096678400001,RT @StonkSleeper: Feds caught off guard by $Goog prob need 395 again so they can exit green on this fluff,2022-07-20 17:34:55+00:00,121,False,0,rt @stonksleeper: feds caught off guard by  prob need 395 again so they can exit green on this fluff,Negative
48,48,1549810034548174848,RT @LauchlinB: @LorneRoss3 @AdRizerTech They‚Äôve been posting about Google too $GOOG ads https://t.co/rVLLa5ei8o,2022-07-20 17:34:40+00:00,60,False,0,rt @lauchlinb: @lorneross3 @adrizertech they‚Äôve been posting about google too  ads https://t.co/rvlla5ei8o,Positive
49,49,1549809654062006272,"RT @blakestonks: $META $TSLA $MSFT $RIVN $ORCL $GOOG

Now all have said they're freezing hiring/layoffs.

We have had a bad CPI, PPI, banks‚Ä¶",2022-07-20 17:33:10+00:00,93,False,0,"rt @blakestonks:      

now all have said they're freezing hiring/layoffs.

we have had a bad cpi, ppi, banks‚Ä¶",Negative
50,50,1549809371042893825,$SHOP strong today after that $GOOG news yesterday,2022-07-20 17:32:02+00:00,40302,False,2, strong today after that  news yesterday,Negative
51,51,1549809313371365377,"Most Active Equity Options For Midday - Wednesday, July 20 $AMD $CCL $DIS $F $AAPL $AMZN $GOOG $INTC $MSFT $NFLX‚Ä¶ https://t.co/WgsbasECIK",2022-07-20 17:31:49+00:00,5277,False,0,"most active equity options for midday - wednesday, july 20          ‚Ä¶ https://t.co/wgsbasecik",Positive
52,52,1549809237362376704,$GOOG    Best room on the net. Stay turned. https://t.co/NHIOpwlZiQ,2022-07-20 17:31:30+00:00,1,False,0,    best room on the net. stay turned. https://t.co/nhiopwlziq,Positive
53,53,1549808507297333248,"WATCH TECHNOLOGY STOCKS WINNERS AND LOSERS BEST TOP 5 TRADING https://t.co/C2CH6DEJHE 
#FAANG PLUS #BigTech #Stocks‚Ä¶ https://t.co/126JnnN0M4",2022-07-20 17:28:36+00:00,449,False,0,"watch technology stocks winners and losers best top 5 trading https://t.co/c2ch6dejhe 
#faang plus #bigtech #stocks‚Ä¶ https://t.co/126jnnn0m4",Positive
54,54,1549808317152653312,Caught 85% on spy puts on that downtrend after the $GOOG news came out!!üòÆ‚Äçüí®ü§© https://t.co/Y4zkW0O52F,2022-07-20 17:27:51+00:00,55,False,0,caught 85% on spy puts on that downtrend after the  news came out!!üòÆ‚Äçüí®ü§© https://t.co/y4zkw0o52f,Negative
55,55,1549808268846964736,"@StockHollywood there is no confirmed news in the last few hours regarding this, I searched on $GOOG :)",2022-07-20 17:27:39+00:00,61,False,1,"@stockhollywood there is no confirmed news in the last few hours regarding this, i searched on  :)",Negative
56,56,1549808140492972032,"RT @blakestonks: $META $TSLA $MSFT $RIVN $ORCL $GOOG

Now all have said they're freezing hiring/layoffs.

We have had a bad CPI, PPI, banks‚Ä¶",2022-07-20 17:27:09+00:00,8151,False,0,"rt @blakestonks:      

now all have said they're freezing hiring/layoffs.

we have had a bad cpi, ppi, banks‚Ä¶",Negative
57,57,1549808132666208256,"RT @TicTocTick: $Goog is a tremendous employer in Bay Area where they pay salaries in excess of 300-400k to fresh graduates 

Bay Area is w‚Ä¶",2022-07-20 17:27:07+00:00,11,False,0,"rt @tictoctick:  is a tremendous employer in bay area where they pay salaries in excess of 300-400k to fresh graduates 

bay area is w‚Ä¶",Positive
58,58,1549808050235740160,"RT @TicTocTick: $Goog is a tremendous employer in Bay Area where they pay salaries in excess of 300-400k to fresh graduates 

Bay Area is w‚Ä¶",2022-07-20 17:26:47+00:00,139,False,0,"rt @tictoctick:  is a tremendous employer in bay area where they pay salaries in excess of 300-400k to fresh graduates 

bay area is w‚Ä¶",Positive
59,59,1549808042493222912,$GOOG    Best room on the net. Stay turned. https://t.co/aDXKT0PXjS,2022-07-20 17:26:46+00:00,0,False,0,    best room on the net. stay turned. https://t.co/adxkt0pxjs,Positive
60,60,1549807939082489856,"RT @blakestonks: $META $TSLA $MSFT $RIVN $ORCL $GOOG

Now all have said they're freezing hiring/layoffs.

We have had a bad CPI, PPI, banks‚Ä¶",2022-07-20 17:26:21+00:00,16234,False,0,"rt @blakestonks:      

now all have said they're freezing hiring/layoffs.

we have had a bad cpi, ppi, banks‚Ä¶",Negative
61,61,1549807708005666818,"How much do you believe in yourself? Would you take the Moneyline on YOU?

$SPY $SPX $QQQ $AMZN $NFLX $TSLA $GOOG",2022-07-20 17:25:26+00:00,145,False,2,"how much do you believe in yourself? would you take the moneyline on you?

      ",Positive
62,62,1549807664024076288,"RT @TicTocTick: $Goog is a tremendous employer in Bay Area where they pay salaries in excess of 300-400k to fresh graduates 

Bay Area is w‚Ä¶",2022-07-20 17:25:15+00:00,63,False,0,"rt @tictoctick:  is a tremendous employer in bay area where they pay salaries in excess of 300-400k to fresh graduates 

bay area is w‚Ä¶",Positive
63,63,1549807626573254656,"Just a reminder before earnings next week: $AMZN AWS, $MSFT Azure and $GOOG GCP accounted for 65% of the $53B in gl‚Ä¶ https://t.co/275RgMQhQ1",2022-07-20 17:25:06+00:00,2484,False,2,"just a reminder before earnings next week:  aws,  azure and  gcp accounted for 65% of the  in gl‚Ä¶ https://t.co/275rgmqhq1",Positive
64,64,1549806875092434945,"Me: Fucking Google breaking the market $GOOG $GOOGL

What Google heard: https://t.co/H73scl5LAy",2022-07-20 17:22:07+00:00,1218,False,0,"me: fucking google breaking the market  

what google heard: https://t.co/h73scl5lay",Negative
65,65,1549806796168126466,"RT @TicTocTick: $Goog is a tremendous employer in Bay Area where they pay salaries in excess of 300-400k to fresh graduates 

Bay Area is w‚Ä¶",2022-07-20 17:21:48+00:00,1319,False,0,"rt @tictoctick:  is a tremendous employer in bay area where they pay salaries in excess of 300-400k to fresh graduates 

bay area is w‚Ä¶",Positive
66,66,1549806770519957516,"Trending: Internet Software

$SNAP 6.75 %
$GOOGL -0.08 %
$TWTR 0.33 %
$GOOG -0.06 %
$SE 1.26 %
$BCOV 0.90 %
$OLB 15‚Ä¶ https://t.co/j0WhIoZ0bF",2022-07-20 17:21:42+00:00,267,False,0,"trending: internet software

 6.75 %
 -0.08 %
 0.33 %
 -0.06 %
 1.26 %
 0.90 %
 15‚Ä¶ https://t.co/j0whioz0bf",Negative
67,67,1549806667788795904,"RT @TicTocTick: $Goog is a tremendous employer in Bay Area where they pay salaries in excess of 300-400k to fresh graduates 

Bay Area is w‚Ä¶",2022-07-20 17:21:18+00:00,178,False,0,"rt @tictoctick:  is a tremendous employer in bay area where they pay salaries in excess of 300-400k to fresh graduates 

bay area is w‚Ä¶",Positive
68,68,1549806562503540737,RT @StratonOak: Remember when this happened with $AAPL a few days ago?We bled hard. So when @OracleNYSE said $GOOG was pausing hiring I add‚Ä¶,2022-07-20 17:20:53+00:00,145,False,0,rt @stratonoak: remember when this happened with  a few days ago?we bled hard. so when @oraclenyse said  was pausing hiring i add‚Ä¶,Negative
69,69,1549806549392322560,$GOOG   Best room on the net. Stay turned. https://t.co/zaCPR4wdWq,2022-07-20 17:20:50+00:00,0,False,0,   best room on the net. stay turned. https://t.co/zacpr4wdwq,Positive
70,70,1549806485747761154,$SBIG is going to the moon soon! üöÄüåï It has a 6.6M super low float! $CMCSA $SBUX $PLAY $NKLA $INO $DKNG $PTON $WKHS‚Ä¶ https://t.co/2sdZYU1s1P,2022-07-20 17:20:34+00:00,2,False,0, is going to the moon soon! üöÄüåï it has a 6.6m super low float!        ‚Ä¶ https://t.co/2sdzyu1s1p,Negative
71,71,1549806349055311874,"RT @TicTocTick: $Goog is a tremendous employer in Bay Area where they pay salaries in excess of 300-400k to fresh graduates 

Bay Area is w‚Ä¶",2022-07-20 17:20:02+00:00,4133,False,0,"rt @tictoctick:  is a tremendous employer in bay area where they pay salaries in excess of 300-400k to fresh graduates 

bay area is w‚Ä¶",Positive
72,72,1549806192926642178,"RT @TicTocTick: $Goog is a tremendous employer in Bay Area where they pay salaries in excess of 300-400k to fresh graduates 

Bay Area is w‚Ä¶",2022-07-20 17:19:25+00:00,79,False,0,"rt @tictoctick:  is a tremendous employer in bay area where they pay salaries in excess of 300-400k to fresh graduates 

bay area is w‚Ä¶",Positive
73,73,1549806142787813376,"RT @TicTocTick: $Goog is a tremendous employer in Bay Area where they pay salaries in excess of 300-400k to fresh graduates 

Bay Area is w‚Ä¶",2022-07-20 17:19:13+00:00,55,False,0,"rt @tictoctick:  is a tremendous employer in bay area where they pay salaries in excess of 300-400k to fresh graduates 

bay area is w‚Ä¶",Positive
74,74,1549806115516555266,"RT @TicTocTick: $Goog is a tremendous employer in Bay Area where they pay salaries in excess of 300-400k to fresh graduates 

Bay Area is w‚Ä¶",2022-07-20 17:19:06+00:00,16290,False,0,"rt @tictoctick:  is a tremendous employer in bay area where they pay salaries in excess of 300-400k to fresh graduates 

bay area is w‚Ä¶",Positive
75,75,1549806083107180544,"(Mid-Day) Top &amp; Flop: 40 Stocks To Watch | July 20

https://t.co/az6VGuYK9e

$CVNA $PTON $IS $MNDY $U $ASAN $SI‚Ä¶ https://t.co/gLblHXtoVV",2022-07-20 17:18:58+00:00,3876,False,1,"(mid-day) top &amp; flop: 40 stocks to watch | july 20

https://t.co/az6vguyk9e

      ‚Ä¶ https://t.co/glblhxtovv",Positive
76,76,1549806051133796352,"RT @blakestonks: $META $TSLA $MSFT $RIVN $ORCL $GOOG

Now all have said they're freezing hiring/layoffs.

We have had a bad CPI, PPI, banks‚Ä¶",2022-07-20 17:18:51+00:00,39,False,0,"rt @blakestonks:      

now all have said they're freezing hiring/layoffs.

we have had a bad cpi, ppi, banks‚Ä¶",Negative
77,77,1549806007076929538,"RT @TicTocTick: $Goog is a tremendous employer in Bay Area where they pay salaries in excess of 300-400k to fresh graduates 

Bay Area is w‚Ä¶",2022-07-20 17:18:40+00:00,23602,False,0,"rt @tictoctick:  is a tremendous employer in bay area where they pay salaries in excess of 300-400k to fresh graduates 

bay area is w‚Ä¶",Positive
78,78,1549805893092577281,"RT @TicTocTick: $Goog is a tremendous employer in Bay Area where they pay salaries in excess of 300-400k to fresh graduates 

Bay Area is w‚Ä¶",2022-07-20 17:18:13+00:00,5428,False,0,"rt @tictoctick:  is a tremendous employer in bay area where they pay salaries in excess of 300-400k to fresh graduates 

bay area is w‚Ä¶",Positive
79,79,1549805879465111552,"$GOSS and $SIDU trade, Was not planning on trading $SIDU so got out of it. 
Traded $SPY Puts which paid well, got l‚Ä¶ https://t.co/sSRfWWCI2S",2022-07-20 17:18:10+00:00,8,False,0," and  trade, was not planning on trading  so got out of it. 
traded  puts which paid well, got l‚Ä¶ https://t.co/ssrfwwci2s",Positive
80,80,1549805837643816960,"RT @TicTocTick: $Goog is a tremendous employer in Bay Area where they pay salaries in excess of 300-400k to fresh graduates 

Bay Area is w‚Ä¶",2022-07-20 17:18:00+00:00,4610,False,0,"rt @tictoctick:  is a tremendous employer in bay area where they pay salaries in excess of 300-400k to fresh graduates 

bay area is w‚Ä¶",Positive
81,81,1549805810485690371,"RT @TicTocTick: $Goog is a tremendous employer in Bay Area where they pay salaries in excess of 300-400k to fresh graduates 

Bay Area is w‚Ä¶",2022-07-20 17:17:53+00:00,795,False,0,"rt @tictoctick:  is a tremendous employer in bay area where they pay salaries in excess of 300-400k to fresh graduates 

bay area is w‚Ä¶",Positive
82,82,1549805803552505857,"Market got you down? $HLBZ is a beaten down stock with a 600k float and huge potential, check it out. $BHAt $SPY‚Ä¶ https://t.co/DTOYJ6oKtp",2022-07-20 17:17:52+00:00,903,False,2,"market got you down?  is a beaten down stock with a 600k float and huge potential, check it out.  ‚Ä¶ https://t.co/dtoyj6oktp",Positive
83,83,1549805755892580353,"RT @TicTocTick: $Goog is a tremendous employer in Bay Area where they pay salaries in excess of 300-400k to fresh graduates 

Bay Area is w‚Ä¶",2022-07-20 17:17:40+00:00,19,False,0,"rt @tictoctick:  is a tremendous employer in bay area where they pay salaries in excess of 300-400k to fresh graduates 

bay area is w‚Ä¶",Positive
84,84,1549805697344446464,$aapl and $goog are hinting at what is coming next week. Big tech does not pause hiring if they are expecting solid‚Ä¶ https://t.co/iauxN8msC6,2022-07-20 17:17:26+00:00,23,False,0, and  are hinting at what is coming next week. big tech does not pause hiring if they are expecting solid‚Ä¶ https://t.co/iauxn8msc6,Negative
85,85,1549805686099361792,"$Goog is a tremendous employer in Bay Area where they pay salaries in excess of 300-400k to fresh graduates 

Bay A‚Ä¶ https://t.co/VIBmiWGJOH",2022-07-20 17:17:24+00:00,128762,False,181," is a tremendous employer in bay area where they pay salaries in excess of 300-400k to fresh graduates 

bay a‚Ä¶ https://t.co/vibmiwgjoh",Positive
86,86,1549805534412296192,"RT @ProfitsTaken: üì¢Two Things!

1) üå†Live space in 5. I want you to understand analysis on $GOOG &amp; $TWTR today.

2) Endless broker issues! A‚Ä¶",2022-07-20 17:16:48+00:00,107,False,0,"rt @profitstaken: üì¢two things!

1) üå†live space in 5. i want you to understand analysis on  &amp;  today.

2) endless broker issues! a‚Ä¶",Negative
87,87,1549805387519590402,"Cannabis stocks are breaking out today, as U.S. legalization heats up. 

Tilray $TLRY $3.85 +.29 (8.43%), $SNDL $.3‚Ä¶ https://t.co/DgR3Q5lYv6",2022-07-20 17:16:13+00:00,3449,False,2,"cannabis stocks are breaking out today, as u.s. legalization heats up. 

tilray  .85 +.29 (8.43%),  .3‚Ä¶ https://t.co/dgr3q5lyv6",Positive
88,88,1549805385317490690,"RT @blakestonks: $META $TSLA $MSFT $RIVN $ORCL $GOOG

Now all have said they're freezing hiring/layoffs.

We have had a bad CPI, PPI, banks‚Ä¶",2022-07-20 17:16:12+00:00,637,False,0,"rt @blakestonks:      

now all have said they're freezing hiring/layoffs.

we have had a bad cpi, ppi, banks‚Ä¶",Negative
89,89,1549805314270175246,"üì¢Two Things!

1) üå†Live space in 5. I want you to understand analysis on $GOOG &amp; $TWTR today.

2) Endless broker iss‚Ä¶ https://t.co/OaqxhxH9bd",2022-07-20 17:15:55+00:00,21198,True,29,"üì¢two things!

1) üå†live space in 5. i want you to understand analysis on  &amp;  today.

2) endless broker iss‚Ä¶ https://t.co/oaqxhxh9bd",Positive
90,90,1549805238651076609,"So guess what I did here... üëá
$NFLX $GOOG
I know that is not the close yet, and because of that I will manage aggre‚Ä¶ https://t.co/COhDQepAOY",2022-07-20 17:15:37+00:00,120,False,0,"so guess what i did here... üëá
 
i know that is not the close yet, and because of that i will manage aggre‚Ä¶ https://t.co/cohdqepaoy",Negative
91,91,1549804900355276803,RT @cfromhertz: $GOOGL $GOOG,2022-07-20 17:14:16+00:00,139,False,0,rt @cfromhertz:  ,Positive
92,92,1549804621719162880,"On Monday it was $AAPL that peed in the rally party pool, today its ""Et tu, $GOOG?"" https://t.co/J1vbR0SKyA",2022-07-20 17:13:10+00:00,20664,False,16,"on monday it was  that peed in the rally party pool, today its ""et tu, ?"" https://t.co/j1vbr0skya",Negative
93,93,1549804541553659905,"RT @blakestonks: $META $TSLA $MSFT $RIVN $ORCL $GOOG

Now all have said they're freezing hiring/layoffs.

We have had a bad CPI, PPI, banks‚Ä¶",2022-07-20 17:12:51+00:00,18,False,0,"rt @blakestonks:      

now all have said they're freezing hiring/layoffs.

we have had a bad cpi, ppi, banks‚Ä¶",Negative
94,94,1549804495512682499,"RT @blakestonks: $META $TSLA $MSFT $RIVN $ORCL $GOOG

Now all have said they're freezing hiring/layoffs.

We have had a bad CPI, PPI, banks‚Ä¶",2022-07-20 17:12:40+00:00,10,False,0,"rt @blakestonks:      

now all have said they're freezing hiring/layoffs.

we have had a bad cpi, ppi, banks‚Ä¶",Negative
95,95,1549804346057048064,$SPY Why is everyone acting like this for only 2 weeks of hiring pause from $GOOG. üòÇüòÇüòÇ,2022-07-20 17:12:04+00:00,28,False,0, why is everyone acting like this for only 2 weeks of hiring pause from . üòÇüòÇüòÇ,Negative
96,96,1549804297436762121,"Resistance at the triple top for $GOOG. Long entry trigger is $121 but not before that. With earnings coming soon,‚Ä¶ https://t.co/Sa4symefLr",2022-07-20 17:11:53+00:00,22,False,0,"resistance at the triple top for . long entry trigger is  but not before that. with earnings coming soon,‚Ä¶ https://t.co/sa4symeflr",Positive
97,97,1549804270588989442,$SBIG is the next moon play üöÄüåï It has a 6.6M super low float! $CMCSA $SBUX $PLAY $NKLA $INO $DKNG $PTON $WKHS $SPAQ‚Ä¶ https://t.co/7rT9y8DGHz,2022-07-20 17:11:46+00:00,2,False,0, is the next moon play üöÄüåï it has a 6.6m super low float!         ‚Ä¶ https://t.co/7rt9y8dghz,Negative
98,98,1549804260493123585,"RT @squawksquare: Markets burped due to headline from $GOOG that it will pause (not cut) some hiring. 

$TSLA",2022-07-20 17:11:44+00:00,52,False,0,"rt @squawksquare: markets burped due to headline from  that it will pause (not cut) some hiring. 

",Negative
99,99,1549804050060812290,"RT @blakestonks: $META $TSLA $MSFT $RIVN $ORCL $GOOG

Now all have said they're freezing hiring/layoffs.

We have had a bad CPI, PPI, banks‚Ä¶",2022-07-20 17:10:54+00:00,33,False,0,"rt @blakestonks:      

now all have said they're freezing hiring/layoffs.

we have had a bad cpi, ppi, banks‚Ä¶",Negative
100,100,1549803953398980608,"üü¢ Google adds a new way to block calendar spam, here's how to use it https://t.co/VSFk7wQfs0 $GOOG $GOOGL",2022-07-20 17:10:31+00:00,474,False,0,"üü¢ google adds a new way to block calendar spam, here's how to use it https://t.co/vsfk7wqfs0  ",Positive
101,101,1549803771261222913,"RT @blakestonks: $META $TSLA $MSFT $RIVN $ORCL $GOOG

Now all have said they're freezing hiring/layoffs.

We have had a bad CPI, PPI, banks‚Ä¶",2022-07-20 17:09:47+00:00,52,False,0,"rt @blakestonks:      

now all have said they're freezing hiring/layoffs.

we have had a bad cpi, ppi, banks‚Ä¶",Negative
102,102,1549803216312733699,$GOOG I don't know anything about the hiring pause but there is a bear flag and triple EMA death cross on the chart‚Ä¶ https://t.co/8Cx2fsEqdb,2022-07-20 17:07:35+00:00,55,False,0, i don't know anything about the hiring pause but there is a bear flag and triple ema death cross on the chart‚Ä¶ https://t.co/8cx2fseqdb,Negative
103,103,1549803176047435776,"RT @blakestonks: $META $TSLA $MSFT $RIVN $ORCL $GOOG

Now all have said they're freezing hiring/layoffs.

We have had a bad CPI, PPI, banks‚Ä¶",2022-07-20 17:07:25+00:00,361,False,0,"rt @blakestonks:      

now all have said they're freezing hiring/layoffs.

we have had a bad cpi, ppi, banks‚Ä¶",Negative
104,104,1549803038306705409,"@GulatiHarry It's alright harry, today's a massive chop fest, im playing it super-safe.. Made only one scalp that w‚Ä¶ https://t.co/WcHxiv3paK",2022-07-20 17:06:52+00:00,18,False,0,"@gulatiharry it's alright harry, today's a massive chop fest, im playing it super-safe.. made only one scalp that w‚Ä¶ https://t.co/wchxiv3pak",Negative
105,105,1549802873407655936,"Trending: Internet Software

$SNAP 8.16 %
$GOOGL 0.76 %
$TWTR 0.65 %
$GOOG 0.82 %
$SE 3.23 %
$BCOV 1.14 %
$OLB 22.2‚Ä¶ https://t.co/3QxjRX0uZF",2022-07-20 17:06:13+00:00,267,False,1,"trending: internet software

 8.16 %
 0.76 %
 0.65 %
 0.82 %
 3.23 %
 1.14 %
 22.2‚Ä¶ https://t.co/3qxjrx0uzf",Negative
106,106,1549802662228639744,"RT @blakestonks: $META $TSLA $MSFT $RIVN $ORCL $GOOG

Now all have said they're freezing hiring/layoffs.

We have had a bad CPI, PPI, banks‚Ä¶",2022-07-20 17:05:23+00:00,1341,False,0,"rt @blakestonks:      

now all have said they're freezing hiring/layoffs.

we have had a bad cpi, ppi, banks‚Ä¶",Negative
107,107,1549802589625139201,Google $GOOG to pause hiring for 2 weeks after previously saying it would slow the pace of hiring for the remainder of the year,2022-07-20 17:05:05+00:00,28849,True,2,google  to pause hiring for 2 weeks after previously saying it would slow the pace of hiring for the remainder of the year,Negative
108,108,1549802549007581193,wouldn't be surprised if $AAPL $GOOG or $TSLA bought $MULN on their tech,2022-07-20 17:04:56+00:00,8384,False,1,wouldn't be surprised if   or  bought  on their tech,Positive
109,109,1549802274339389444,"RT @blakestonks: $META $TSLA $MSFT $RIVN $ORCL $GOOG

Now all have said they're freezing hiring/layoffs.

We have had a bad CPI, PPI, banks‚Ä¶",2022-07-20 17:03:50+00:00,48,False,0,"rt @blakestonks:      

now all have said they're freezing hiring/layoffs.

we have had a bad cpi, ppi, banks‚Ä¶",Negative
110,110,1549802086061178885,"RT @blakestonks: $META $TSLA $MSFT $RIVN $ORCL $GOOG

Now all have said they're freezing hiring/layoffs.

We have had a bad CPI, PPI, banks‚Ä¶",2022-07-20 17:03:05+00:00,193,False,0,"rt @blakestonks:      

now all have said they're freezing hiring/layoffs.

we have had a bad cpi, ppi, banks‚Ä¶",Negative
111,111,1549802065311911936,RT @MarketCurrents: $GOOG $GOOGL - Google pausing hiring for two weeks - report https://t.co/ENEJzVROHT,2022-07-20 17:03:00+00:00,3870,False,0,rt @marketcurrents:   - google pausing hiring for two weeks - report https://t.co/enejzvroht,Positive
112,112,1549801940371968000,"$GOOG will pause hiring for 2wks, after saying last week it would slow its pace of hiring for the rest of the year.‚Ä¶ https://t.co/kxCUgMHwLJ",2022-07-20 17:02:31+00:00,27,False,0," will pause hiring for 2wks, after saying last week it would slow its pace of hiring for the rest of the year.‚Ä¶ https://t.co/kxcugmhwlj",Negative
113,113,1549801933170360321,$GOOG $GOOGL - Google pausing hiring for two weeks - report https://t.co/ENEJzVROHT,2022-07-20 17:02:29+00:00,84076,False,2,  - google pausing hiring for two weeks - report https://t.co/enejzvroht,Negative
114,114,1549801885820911616,$SBIG Don‚Äôt miss the next move! 6.6M float! üöÄüåï $AMC $GME $VERU $RDBX $GOOG,2022-07-20 17:02:18+00:00,2,False,0, don‚Äôt miss the next move! 6.6m float! üöÄüåï     ,Negative
115,115,1549801865910652936,"RT @blakestonks: $META $TSLA $MSFT $RIVN $ORCL $GOOG

Now all have said they're freezing hiring/layoffs.

We have had a bad CPI, PPI, banks‚Ä¶",2022-07-20 17:02:13+00:00,108,False,0,"rt @blakestonks:      

now all have said they're freezing hiring/layoffs.

we have had a bad cpi, ppi, banks‚Ä¶",Negative
116,116,1549801843701587969,"RT @blakestonks: $META $TSLA $MSFT $RIVN $ORCL $GOOG

Now all have said they're freezing hiring/layoffs.

We have had a bad CPI, PPI, banks‚Ä¶",2022-07-20 17:02:08+00:00,630,False,0,"rt @blakestonks:      

now all have said they're freezing hiring/layoffs.

we have had a bad cpi, ppi, banks‚Ä¶",Negative
117,117,1549801843550605312,so when it comes to news like what just dropped on $goog... make sure you pay attention to what is actually in the‚Ä¶ https://t.co/tnSWDCpdcI,2022-07-20 17:02:08+00:00,0,False,0,so when it comes to news like what just dropped on ... make sure you pay attention to what is actually in the‚Ä¶ https://t.co/tnswdcpdci,Positive
118,118,1549801823682248705,@eduardoLbosch I bought that dip just now.  Looks like $GOOG shook up the market by saying that they'll pause hirin‚Ä¶ https://t.co/PFlFJ6OXP5,2022-07-20 17:02:03+00:00,34,False,0,@eduardolbosch i bought that dip just now.  looks like  shook up the market by saying that they'll pause hirin‚Ä¶ https://t.co/pflfj6oxp5,Positive
119,119,1549801764706287616,"RT @blakestonks: $META $TSLA $MSFT $RIVN $ORCL $GOOG

Now all have said they're freezing hiring/layoffs.

We have had a bad CPI, PPI, banks‚Ä¶",2022-07-20 17:01:49+00:00,45,False,0,"rt @blakestonks:      

now all have said they're freezing hiring/layoffs.

we have had a bad cpi, ppi, banks‚Ä¶",Negative
120,120,1549801671424892929,@JPATrades $GOOG $GOOGL,2022-07-20 17:01:27+00:00,568,False,0,@jpatrades  ,Positive
121,121,1549801629045727235,"RT @blakestonks: $META $TSLA $MSFT $RIVN $ORCL $GOOG

Now all have said they're freezing hiring/layoffs.

We have had a bad CPI, PPI, banks‚Ä¶",2022-07-20 17:01:16+00:00,289,False,0,"rt @blakestonks:      

now all have said they're freezing hiring/layoffs.

we have had a bad cpi, ppi, banks‚Ä¶",Negative
122,122,1549801585949155328,"RT @blakestonks: $META $TSLA $MSFT $RIVN $ORCL $GOOG

Now all have said they're freezing hiring/layoffs.

We have had a bad CPI, PPI, banks‚Ä¶",2022-07-20 17:01:06+00:00,331,False,0,"rt @blakestonks:      

now all have said they're freezing hiring/layoffs.

we have had a bad cpi, ppi, banks‚Ä¶",Negative
123,123,1549801560992915456,"RT @blakestonks: $META $TSLA $MSFT $RIVN $ORCL $GOOG

Now all have said they're freezing hiring/layoffs.

We have had a bad CPI, PPI, banks‚Ä¶",2022-07-20 17:01:00+00:00,14,False,0,"rt @blakestonks:      

now all have said they're freezing hiring/layoffs.

we have had a bad cpi, ppi, banks‚Ä¶",Negative
124,124,1549801547537690626,"RT @blakestonks: $META $TSLA $MSFT $RIVN $ORCL $GOOG

Now all have said they're freezing hiring/layoffs.

We have had a bad CPI, PPI, banks‚Ä¶",2022-07-20 17:00:57+00:00,19,False,0,"rt @blakestonks:      

now all have said they're freezing hiring/layoffs.

we have had a bad cpi, ppi, banks‚Ä¶",Negative
125,125,1549801500184018945,"RT @blakestonks: $META $TSLA $MSFT $RIVN $ORCL $GOOG

Now all have said they're freezing hiring/layoffs.

We have had a bad CPI, PPI, banks‚Ä¶",2022-07-20 17:00:46+00:00,353,False,0,"rt @blakestonks:      

now all have said they're freezing hiring/layoffs.

we have had a bad cpi, ppi, banks‚Ä¶",Negative
126,126,1549801415199129601,"$META $TSLA $MSFT $RIVN $ORCL $GOOG

Now all have said they're freezing hiring/layoffs.

We have had a bad CPI, PPI‚Ä¶ https://t.co/baaK6kFJn6",2022-07-20 17:00:25+00:00,46346,False,173,"     

now all have said they're freezing hiring/layoffs.

we have had a bad cpi, ppi‚Ä¶ https://t.co/baak6kfjn6",Negative
127,127,1549801170142642177,"GOOGLE (GOOGL) SAYS IT WILL PAUSE HIRING - THE INFORMATION
$GOOG $GOOGL",2022-07-20 16:59:27+00:00,54,False,0,"google (googl) says it will pause hiring - the information
 ",Positive
128,128,1549801118074605568,"The way the market goes bidless after these $AAPL $GOOG ‚Äúrumors‚Äù come through the wire, you better hope they don‚Äôt confirm this next week",2022-07-20 16:59:15+00:00,1631,False,0,"the way the market goes bidless after these   ‚Äúrumors‚Äù come through the wire, you better hope they don‚Äôt confirm this next week",Negative
129,129,1549800859378278400,RT @StonkSleeper: Feds caught off guard by $Goog prob need 395 again so they can exit green on this fluff,2022-07-20 16:58:13+00:00,3378,False,0,rt @stonksleeper: feds caught off guard by  prob need 395 again so they can exit green on this fluff,Negative
130,130,1549800720517345282,"RT @StockMKTNewz: Google said it will pause hiring for two weeks, after saying last week it would slow its pace of hiring for the rest of t‚Ä¶",2022-07-20 16:57:40+00:00,555,False,0,"rt @stockmktnewz: google said it will pause hiring for two weeks, after saying last week it would slow its pace of hiring for the rest of t‚Ä¶",Negative
131,131,1549800620386836480,@michaelsantoli $GOOG news was old.  It's /NG and Eruope/Russia.  @ScottWapnerCNBC,2022-07-20 16:57:16+00:00,752,False,0,@michaelsantoli  news was old.  it's /ng and eruope/russia.  @scottwapnercnbc,Negative
132,132,1549800105259270144,$GOOG pauses hiring  https://t.co/5JgVhIWPYs,2022-07-20 16:55:13+00:00,195,False,1, pauses hiring  https://t.co/5jgvhiwpys,Positive
133,133,1549800092324052997,@BarryMilligan8 $GOOG just announced a 2 week pause in hiring,2022-07-20 16:55:10+00:00,5389,False,1,@barrymilligan8  just announced a 2 week pause in hiring,Negative
134,134,1549799955040051200,"RT @StockMKTNewz: Google said it will pause hiring for two weeks, after saying last week it would slow its pace of hiring for the rest of t‚Ä¶",2022-07-20 16:54:37+00:00,4546,False,0,"rt @stockmktnewz: google said it will pause hiring for two weeks, after saying last week it would slow its pace of hiring for the rest of t‚Ä¶",Negative
135,135,1549799921078894592,"....and $GOOG $GOOGL back to green...

Yet another #GBO https://t.co/kq7zh2Dfzl https://t.co/8ywPSQPWXw",2022-07-20 16:54:29+00:00,28136,False,4,"....and   back to green...

yet another #gbo https://t.co/kq7zh2dfzl https://t.co/8ywpsqpwxw",Positive
136,136,1549799868100739072,"Google said it will pause hiring for two weeks, after saying last week it would slow its pace of hiring for the res‚Ä¶ https://t.co/uSAJfTCVlH",2022-07-20 16:54:17+00:00,1342,False,0,"google said it will pause hiring for two weeks, after saying last week it would slow its pace of hiring for the res‚Ä¶ https://t.co/usajftcvlh",Negative
137,137,1549799836228124674,"@JBeaku beep boop. here's what i found for $GOOG.
   date: 2022-07-20
   total call volume: 24.8k
   total put volu‚Ä¶ https://t.co/AsmUDMtc3Z",2022-07-20 16:54:09+00:00,13296,False,0,"@jbeaku beep boop. here's what i found for .
   date: 2022-07-20
   total call volume: 24.8k
   total put volu‚Ä¶ https://t.co/asmudmtc3z",Positive
138,138,1549799700424839169,"$GOOG news just smashed down the general $SPY market + all the hot setups. What a bummer. Nothing to see here, just‚Ä¶ https://t.co/QPETdx4VkJ",2022-07-20 16:53:37+00:00,10712,False,2," news just smashed down the general  market + all the hot setups. what a bummer. nothing to see here, just‚Ä¶ https://t.co/qpetdx4vkj",Negative
139,139,1549799646788296704,"$GOOG #GOOG 
#TradingView #Stocks #Cryptos #Traders https://t.co/ZLaTvKhLtn",2022-07-20 16:53:24+00:00,1067,False,0," #goog 
#tradingview #stocks #cryptos #traders https://t.co/zlatvkhltn",Positive
140,140,1549799602676719617,@MrStockBot option volume for $GOOG,2022-07-20 16:53:13+00:00,5,False,1,@mrstockbot option volume for ,Negative
141,141,1549799560230617088,Do you want to improve your trading? Do you want to learn how to manage a trade?  We have all of that and much more‚Ä¶ https://t.co/h4pwEJfl2a,2022-07-20 16:53:03+00:00,474,False,0,do you want to improve your trading? do you want to learn how to manage a trade?  we have all of that and much more‚Ä¶ https://t.co/h4pwejfl2a,Positive
142,142,1549799426625085440,"Markets burped due to headline from $GOOG that it will pause (not cut) some hiring. 

$TSLA",2022-07-20 16:52:31+00:00,60487,False,90,"markets burped due to headline from  that it will pause (not cut) some hiring. 

",Negative
143,143,1549799412620095488,"From https://t.co/cTY7zCaH9D: Alphabet's Google $GOOG halting hiring for two weeks, according to The Information (citing company email).",2022-07-20 16:52:28+00:00,20664,False,8,"from https://t.co/cty7zcah9d: alphabet's google  halting hiring for two weeks, according to the information (citing company email).",Positive
144,144,1549799339538653186,Feds caught off guard by $Goog prob need 395 again so they can exit green on this fluff,2022-07-20 16:52:11+00:00,3378,False,4,feds caught off guard by  prob need 395 again so they can exit green on this fluff,Negative
145,145,1549799292327514113,$GOOG pauses hiring. $SPY takes a dump. Indexes are hanging on a thin rope https://t.co/poqtNqKYVe,2022-07-20 16:51:59+00:00,2706,False,0, pauses hiring.  takes a dump. indexes are hanging on a thin rope https://t.co/poqtnqkyve,Positive
146,146,1549799170332135425,$GOOGL $GOOG only pausing hiring for 2 weeks. I think this market reaction thinks it‚Äôs indefinite. Might see a bounce here,2022-07-20 16:51:30+00:00,171,False,0,  only pausing hiring for 2 weeks. i think this market reaction thinks it‚Äôs indefinite. might see a bounce here,Negative
147,147,1549799153576062976,Do you want to improve your trading? Do you want to learn how to manage a trade?  We have all of that and much more‚Ä¶ https://t.co/LIoDf9KxcO,2022-07-20 16:51:26+00:00,474,False,0,do you want to improve your trading? do you want to learn how to manage a trade?  we have all of that and much more‚Ä¶ https://t.co/liodf9kxco,Positive
148,148,1549799133837508609,$GOOG with the market rug pull!,2022-07-20 16:51:22+00:00,381,False,0, with the market rug pull!,Positive
149,149,1549799126489075712,$SPY $QQQ reacted on $GOOG Hiring Pause News !!,2022-07-20 16:51:20+00:00,283,False,0,  reacted on  hiring pause news !!,Negative
150,150,1549799088627015680,Remember when this happened with $AAPL a few days ago?We bled hard. So when @OracleNYSE said $GOOG was pausing hiri‚Ä¶ https://t.co/0Qn0TsbsaM,2022-07-20 16:51:11+00:00,3555,False,4,remember when this happened with  a few days ago?we bled hard. so when @oraclenyse said  was pausing hiri‚Ä¶ https://t.co/0qn0tsbsam,Negative
151,151,1549799066640519174,"Trending: Internet Software

$TWTR 0.35 %
$SNAP 7.46 %
$GOOGL 0.12 %
$GOOG 0.23 %
$SE 2.50 %
$BCOV 1.47 %
$OLB 20.5‚Ä¶ https://t.co/FDTOkEmatd",2022-07-20 16:51:06+00:00,267,False,0,"trending: internet software

 0.35 %
 7.46 %
 0.12 %
 0.23 %
 2.50 %
 1.47 %
 20.5‚Ä¶ https://t.co/fdtokematd",Negative
152,152,1549798997241450497,"RT @OddStockTrader: $AAPL warning shot

now $GOOG warning shot",2022-07-20 16:50:49+00:00,813,False,0,"rt @oddstocktrader:  warning shot

now  warning shot",Negative
153,153,1549798827787538432,"$GOOGL $GOOG if the market reacts like this off hiring freezes just wait till next week 

$SPY",2022-07-20 16:50:09+00:00,8,False,1,"  if the market reacts like this off hiring freezes just wait till next week 

",Negative
154,154,1549798722619539458,RT @cfromhertz: $GOOGL $GOOG,2022-07-20 16:49:43+00:00,848,False,0,rt @cfromhertz:  ,Positive
155,155,1549798617313067008,"here we go. $AAPL tripped the market on Monday. 

will it shake off $GOOG GOOGL? https://t.co/92AeZbJZhk",2022-07-20 16:49:18+00:00,5027,False,0,"here we go.  tripped the market on monday. 

will it shake off  googl? https://t.co/92aezbjzhk",Positive
156,156,1549798544663511040,The best part about trading is you can do this sitting in your room in your underwear LMAO $1300 I‚Äôm done see ya tm‚Ä¶ https://t.co/FdEdk9TakW,2022-07-20 16:49:01+00:00,90,False,1,the best part about trading is you can do this sitting in your room in your underwear lmao  i‚Äôm done see ya tm‚Ä¶ https://t.co/fdedk9takw,Positive
